Product,Quantity
Double Cream,4x2.27 LTR PK
Alpen Fruit and Nut with Chocolate,1 x 24x29 g
Alpen Strawberry with Yoghurt,1 x 24x29 g
Alpro Almond No Sugars Drink,8 x 1 LTR PK
Alpro Blueberry and Cherry Soya Yoghurt,6 x 4x125 G PK
Alpro Soya Barista For Professionals,12 x 1 LTR PK
Americana Brioche Burger Bun 5in,1 x 48 PK
Dark Soy Sauce,12 x 150 ML
Salted Butter Portions,5 x 100 PK
Halloumi,10 x 250 G PK
Applewood Half Wheel Red Tractor,1.5 KG PK
Honey Glazed Roast Parsnips,4 x 2.5 KG PK
Mild White Cheddar Cheese Slices Red Tractor,1 KG
Brandy Snap Baskets,1 x 90 PK
BB - Aubergine Black,1 x EA
BB - Avocado,1 x EA
BB - Butternut Squash,1 x 1 EA
BB - Celeriac,1 x EA
BB - Cherry Tomato On Vine,1 x 500 G
BB - Coriander,1 x 100 G
BB - Cos Lettuce,1 x EA
BB - Courgette Green,1 x 1 KG
BB - Cucumber 35 - 40mm,1 x EA
BB - Fancy Leaf lettuce lollo Rosso,1 x EA
BB - Garlic Prepacked,1 x 450 G
BB - Green Chillies,1 x 250 G
BB - Lime Loose Pack,1 x 12 EA
BB - Micro Leaf Salad Mix,1 x 1 PK
BB - Parsley Flat,1 x 100 G
BB ASPARAGUS Green imported x bunch 250g OK1405s,1 x 250 G PK
BB LEMONS x Pack of 5 OK822s,1 x 5 EA PK
CROISSANT 40G,165 x 40 G Box
PAIN AU CHOCOLATE 28G,260 x 28 G Box
Baby Roast Potatoes,1 x 5 KG
Babybel Mini Cheese 20g,96 PK
Battered Calamari Rings,12 x 500 G PK
Battered Onion Rings,1 KG PK
Beechdean Farmhouse Dairy Chocolate Ice Cream,5 LTR
Beechdean Farmhouse Dairy Vanilla Ice Cream,5 LTR
Big Al's Hereford Burger,48 x 170 G PK
Custard,1 KG
Bisto Gluten Free Vegan Gravy Granules,1 x 1.8 KG PK
Instant Hot Chocolate,10 x 1 KG PK
Medium Roast Coffee Beans,6 x 1 KG PK
Blue Dragon Tofu Box,12 x 349 G PK
Boiron Frozen Whole Strawberries IQF,1 KG PK
Boka Apple and Cinnamon Bar,24 x 30 G PK
Boka Chocomallow Cereal Bar,24 x 30 G PK
Boka Strawberry Bar,24 x 30 G PK
Branston Pickle,2 x 2.55 KG
Bronte Traditional Minipacks,1 x 100 PK
Brown Skin Onion Yellow Flesh Cooking 60-80mm,1 x 1 KG
CAMBODIAN STREET FOOD VEG CURRY,1 x 24X300G EA PK
CRANBERRY JUICE 1LTR,12 x 1 LTR CTN
Cadbury Bourneville Cocoa Powder,1 x 1.5 KG
Canderel Sweetener Sticks,1 x 1000 PK
Lime Juice,1 LTR PK
Pitted Black Olives,2 x 2.26 KG
Garlic and Herb Croutons,4 x 250 G PK
Croutons,4 x 250 G PK
Pumpkin Seeds,6 x 430 G PK
Whole Pink Peppercorns,200 G Box
Chick Peas in Water,6 x 800 G PK
Chopped Tomatoes,6 x 2.5 KG
Cobbs Double Chocolate Brownie,1 x 20 Box
English Mustard Glass,8 x 100 G PK
Tartare Sauce,2 x 2.25 LTR
Coconut Milk Standard,12 x 400 ML
Cooked Pigs in Blankets 15g,1.5 kg
Coronet Assorted Cheese Portions,1 x 50x20 G PK
Coronet Pepper Portions,1 x 2000 SACH Box
Coronet Salt Portions,1 x 2000 EA Box
Cous Cous Salad,1.5 KG PK
Breaded Mini Chicken Goujons 45g,1 KG PK
fried onions,10 x 500 G PK
Sunflower Seeds,1 KG PK
Toffee and Devon Cream Drizzle,500 G
Chocolate Sauce,500 G
Butter Croissant,80 x 55 g pk
Organic White Half Baguette 26cm,1 x 60x110 G
Gluten Free Cornflakes,20 x 25 G PK
Dried Raisins,3 KG
Everyday Favourites 25g Breaded Cod Fillet Fish Fingers,60x25 G PK
Everyday Favourites 6in Sausage Roll,60 x 120 g pk
Everyday Favourites Apricot Jam,2.72 KG
Everyday Favourites BBQ Sauce,2 x 2.27 LTR PK
Everyday Favourites Baked Beans,6 x 3.12 KG
Everyday Favourites Baked Yorkshire Puddings (3in),3 x 20 PK
Everyday Favourites Banana Chips,1 KG
Everyday Favourites Basmati Rice,1 x 5 KG PK
Everyday Favourites Biscuits For Cheese,1 KG
Everyday Favourites Brown Sauce,2 x 2.27 LTR PK
Everyday Favourites Caesar Dressing,2 x 2.27 LTR PK
Everyday Favourites Clear Blossom Honey Glass,6 x 454 G PK
Everyday Favourites Coated Thin Cut Fries Skin On 9mm (3/8),4 x 2.5 Kg pk
Everyday Favourites Digestive Biscuits,12 x 400 G PK
Everyday Favourites Egg Noodles,1 x 3 KG Box
Everyday Favourites English Muffin,8 x 6 pk
Everyday Favourites Freeze Chill Julienne Fries,6 x 2.5 KG
Everyday Favourites French Dressing,2 x 2.27 LTR PK
Everyday Favourites Fusilli,3 KG PK
Everyday Favourites Garlic and Herb Slices,135 x 30 G EA
Everyday Favourites Gluten Free Vegetable Bouillon Paste,2 x 1 KG TUB
Everyday Favourites Granola,4 x 2 KG PK
Everyday Favourites Grated Mozzarella,1 KG PK
Everyday Favourites Green Pesto,950 G PK
Everyday Favourites Ground Nutmeg,450 G BOT
Everyday Favourites Hash Browns,4 x 2.5 KG PK
Everyday Favourites Macaroni,3 KG PK
Everyday Favourites Medium Fresh Eggs,1 x 180 pk
Everyday Favourites Mild White Cheddar Slices,1 Kg pk
Everyday Favourites Mini Corn Cobs,1 KG BAG
Everyday Favourites Mini Pain aux Raisins,1 x 150 pk
Everyday Favourites Mini Round Garlic and Coriander Naan,16 x 6X35 G PK
Everyday Favourites Muesli,4 x 2 KG
Everyday Favourites Onion Bhajis,50x35 G PK
Everyday Favourites Pain au Chocolat,60 x 75 g pk
Everyday Favourites Panko Breaded Onion Rings,1 x 2 Kg pk
Everyday Favourites Parsnips,10 x 1 kg
Everyday Favourites Penne Rigate,3 KG PK
Everyday Favourites Pine Kernels,1 KG
Everyday Favourites Plain Scones,6 x 10x60 G
Everyday Favourites Plain White Flour,6 x 1.5 KG
Everyday Favourites Pure Canadian Maple Syrup,620 G Box
Everyday Favourites Raspberry Jam,2.72 KG
Everyday Favourites Self Raising Flour,6 x 1.5 KG
Everyday Favourites Spaghetti,4 x 3 KG PK
Everyday Favourites Squeezy Clear Blossom Honey,6 x 680 G PK
Everyday Favourites Strawberry Jam,2.72 KG
Everyday Favourites Sweet Chilli Sauce,1 LTR PK
Everyday Favourites Thin Cut Orange Marmalade,2.72 KG
Everyday Favourites Tomato Ketchup,2 x 2.27 LTR PK
Everyday Favourites Unsalted Packet Butter,20 x 250 G
Everyday Favourites Vegetable Sausages,30 x 56 G PK
Everyday Favourites Vegetable Spring Rolls,2 x 40x90 G PK
Everyday Favourites Walnut Halves,1 x 1 KG
Everyday Favourites White Pitta Bread,6 x 6x60 g pk
Everyday Favourites White Wine Vinegar,2 x 5 LTR BOT
Everyday Favourites Whole Black Peppercorn,6 x 500 G BOT
Everyday Favourites Whole Hand Pitted Dates,3 KG
Everyday Favourites Whole Hand Pitted Dates,3 KG
Everyday Favourites Whole Pitted Apricots,3 KG
Portions,100 x 10 G PK
Sunflower Spread,200 x 10 G
Panko Halloumi Fries,1 KG PK
Roasted Chicken Breast Fillets 125g,2.5 KG BAG
Whole Liquid Egg,12 x 1 KG CTN
Mini Roll Mix 40g,75 x 40 G
Frozen Premium Guacamole.,6 x 1 KG PK
Frozen Shredded Duck,1 KG PK
Mascarpone,500 G EA
Red Cooking Wine,2 x 5 LTR PK
White Cooking Wine,2 x 5 LTR PK
Grated Pizza Mix,2 KG PK
Pizza Sauce Pouch,3 KG PK
Vegetarian Grated Hard Cheese,1 KG PK
HP Brown Sauce Glass Jar,80 x 33 ML JAR
Meringue Nests 3in,1 x 72 PK
Burger Relish,2 x 2.15 LTR PK
Classic Burger Sauce,6 x 875 ML PK
Mayonnaise Glass Jar (Free Range Egg),80 x 33 ML
Mayonnaise,2 x 2.15ltr PK
Mustard Glass Jar,80 x 33 ML
Sticky Korean Barbeque Sauce,875 ML PK
Tomato Ketchup Glass Jars,80 x 39 G
Tomato Ketchup Plastic,2 x 2.15 LTR
Tomato Ketchup Squeezy Top Down,10 x 460 G BOT
Hellmann's Mayonnaise,8 x 430 ML PK
Breaded Chicken Fillets 120g,4 x 960 G PK
Gluten Free Lemon and Ginger Shortbread,16 x 64 g pk
Chicken Wings 45g,1 x 2.27 KG
Hovis White Bread Medium Square,800 G EA
Hovis White Bread Thick Square,800 G EA
Hovis Wholemeal Bread Medium,800 G EA
Hovis Wholemeal Bread Thick,800 G EA
Ham Croquettes,6 x 1 KG Box
Gyozas with Vegetables and Chicken,2 x 1.5 KG PK
Balsamic Vinegar Glaze,500 ML PK
Balsamic Vinegar of Modena,6 x 500 ML BOT
Frozen Corn on the Cobs,24 x 2x250 G EA
Frozen Fruits of the Forest,1 KG
Frozen Fruits of the Forest,5 x 1 KG
Strawberries and Bananas Smoothie Bottle,8 x 250 ML
Jacket Baking Potatoes 40 per box,1 x 15 KG
Apple Juice Drink,12 x 1 LTR PK
Double Gloucester,1 KG PK
Vegetable Oil,1 x 20 LTR
Kellogg's Bran flakes Cereal,4 x 500 G Box
Kellogg's Coco Pops,4 x 500 G PK
Kellogg's Corn Flakes Cereal,4 x 500 G Box
Kellogg's Crunchy Nut Cereal,4 x 500 G Box
Kellogg's Special K Bag-Pack,4 x 500 G
Carrot and Coriander Soup,12 x 250 ML
Red Pepper and Tomato Soup,12 x 250 ML
Tomato Soup,12 x 250 ML
Beef Paste Bouillon,2 x 1 KG
Concentrated Hoisin Sauce,2 x 1.1 LTR PK
Thai Green Curry Paste,1.1 KG Box
Thai Red Curry Sauce,2 x 2.2 LTR
Chicken Paste Bouillon,2 x 1 KG
Cream of Leek Soup,6 x 25 PTN PK
Knorr Garde d'Or Hollandaise Sauce,1 LTR
Knorr Garde d'Or Pepper Sauce,1 LTR
Knorr Garde d'Or Red Wine Sauce,1 LTR PK
Tikka Masala,2 x 2.2 LTR
Knorr Roast Beef Paste Bouillon,2 x 1 KG
Knorr Tomato and Basil Sauce,2 x 2.2 LTR
Knorr Vegetable Paste Bouillon,2 x 1 KG
Green Jalapeño Peppers,12 x 700 G PK
Green Jalapeño Peppers,700 G PK
Extra Virgin Olive Oil P.E.T.,2 LTR
Hash Browns,10 x 1 KG
Mash Potato,4 x 2.5 KG PK
Oyster Sauce,2 x 2.31 KG BOT
Authentic Dijon Mustard,2 x 2.27 LTR TUB
Blue Cheese Dressing,2 x 2.27 LTR PK
Vegan Garlic Mayo,6 x 1 LTR EA
Little and Cull Ham Hock and Pea Terrine,3 x 500 G PK
Lyle's Maple Flavoured Syrup Squeeze Bottle,6 x 454 G EA
Ma Cremiere Brie,1 KG PK
Macphie Brandy Sauce,1 ltr
Maldon Sea Salt,1 x 1.4 KG TUB
Sweet Potato Fries,4 x 2.50 KG PK
McDougalls Fish Batter Baking Mix,3.5 KG
Millac Gold Double Cream,1 LTR
Millac Gold Double Cream,1 LTR
Mini Broche Burger Roll,2 x 50 EA PK
Mixed Bean Salad in Water,6 x 800 G
Mixed Capsicum Peppers 70-90mm,10 x 3 EA
Moma No Added Sugar Porridge Original,12 x 65 G PK
Moving Mountains Plant-Based Burger 4oz,20 x 113.5 G PK
NOVOTEL BROWN SUGAR STICKS.,1 x 1000 EA Box
NOVOTEL WHITE SUGAR STICKS.,1 x 1000 EA Box
Ncgi Vanilla Cheesecake With Granola Base,
Nestlé GoFree Corn Flakes Gluten Free Cereal,7 x 500 G PK
New York Bakery Bagels Plain Sliced,48 x 115 G PK
New York Style Vanilla Cheesecake,1 x 12 PTN
Noels Sliced Dill Gherkins,2 x 2.45 KG
Nutella - Nutella Portions,120 x 15G
Oat So Simple Apple and Blueberry Porridge Pot,8 x 57 G POT
Oat So Simple Golden Syrup Porridge Pot,8 x 57 G POT
Oatly Oat Drink Barista Edition,6 x 1 LTR PK
Orchard Grove Apple Juice Cartons,24 x 200 ML PK
Orchard Grove Apple Juice Re-Seal,12 x 1 Ltr pk
Orchard Grove Orange Juice Cartons,24 x 200 ML PK
Orchard Grove Orange Juice Re-Seal,12 x 1 Ltr pk
Pacific West Salt and Pepper Squid Chunks,6 x 1 KG PK
Panini Chicken Chorizo and Roasted Peppers,20 x 223 G PK
Panini Mozzarella Pesto and Sun-Dried Tomato,20 x 179 g pk
Peeled Plum Tomatoes,6 x 2.5 KG
Perdix Homestyle Chicken Goujons Halal 35g,1 x 3 KG Box
Philadelphia Portions 16.7g,24x16.7 G PK
Pinguin Basmati Rice,36 x 200 G BAG
Pitted Prunes,3 KG
Portabello Mushroom,1 x 1.45 KG
Premium Selection Belgian Chocolate Cheesecake (Pre-cut),1 x 14 PTN Box
Premium Selection Blue Stilton Wedges Red Tractor,220 g pk
Premium Selection Brie and Beetroot Chutney Tart in Kale Pastry,12 x 150 g pk
Premium Selection British Steak and Ale Pie,12 x 300 G PK
Premium Selection Chocolate and Clementine Torte (Pre-cut),1 x 14 PTN
Premium Selection White Chocolate and Raspberry Cheesecake (Pre-cut),1 x 14 Ptn Box
Prep Premium Chilli Infused Oil,1 LTR BOT
Prep Premium Toasted Sesame Oil,1 LTR BOT
Quaker Oat So Simple Original Porridge Pot,8 x 45 G PK
Quaker Porridge Oats,3 KG
Quorn Vegan Cumberland Sausage,2 KG PK
Quorn Vegan Cumberland Sausage,5 x 2 KG PK
Ramona's Kitchen Houmous,1 KG PK
Real Crisps Sea Salt Hand Cooked Potato Crisps,48 x 35 G
Red Onion,1 x 10 KG
Red Tractor McCain Our Menu Signatures Gastro Chunky Chips,4 x 2.27 KG PK
Red Tractor McCain Our Original Choice Thin Cut Fries,4 x 2.27 KG PK
Red Tractor Rodda's Cornish Clotted Cream,907 G PK
Round Tomatoes 1m (57-67mm),1 x 6 KG
Royal Crown Red Kidney Beans,6 x 800 G
SWEET POTATOES x 2Kg Pack OK1479s,1 x 2 KG PK
Santa Maria Chilli Tortilla Chips,12 x 475 G PK
Santa Maria Original Tortilla Chips,12 x 475 G PK
Santa Maria Ranch Salsa Hot Sauce,2.3 KG
Sapori D'Italia Mistoliva Olives,1 KG TUB
Sarsons Vinegar Table Bottle Plastic,12 x 300 ML
Schar Gluten Free Panini Rolls,4 x 3x75 G PK
Scheff Keralan Cauliflower and Red Pepper Curry,12 x 340 G PK
Schwartz Piri Piri Seasoning,6 x 320 G
Schweppes Blackcurrant Cordial Bottle,12 x 1 LTR PK
Semi Skimmed Milk Bottle,2 LTR PK
Semi Skimmed Milk Bottle,4 x 2 LTR PK
Set Soured Cream,2 KG
Hamburger Relish,2 x 2.4 KG PK
Grated Mozzarella Style Cheese,1 KG PK
Sliced Cheddar Style Cheese,1 KG PK
Simply A La Carte Halal Chicken Tikka Masala and Rice,12 x 350 G EA
Simply Worldfoods Beef Madras,12 x 350 G PK
Simply Worldfoods Chicken Tikka Masala,12 x 300 G PK
Simply Worldfoods Sweet Potato Chickpea and Spinach Curry,12 x 350 G PK
Snowbird Italian Style Meatballs 12g,1 x 4 Kg pk
Sourdough Country Loaf,800 G PK
Speciality Desserts Belgian Chocolate Fondant 117g,1 x 12 PK
Mushy Peas,6 x 850 G CAN
Mango Chutney,1 x 2 KG PK
Sweetcorn in Water,12 x 320 G PK
STEAK and ALE PIE,24x270G EA PK
Tabasco Pepper Sauce (Glass),12 x 60 ML
Tasty Toppers IQF Pepperoni Slices,1 KG PK
Demerara Sugar Cubes,1 KG
Granulated Sugar,2 KG BAG
Icing Sugar,3 KG
Jasmine Rice,1 x 5 KG PK
Blackcurrant Jam,72 x 28 G
Honey,72 x 28 G
Orange Marmalade,72 x 28 G
Strawberry Jam,72 x 28 G
Chicken Ham Hock and Leek Pie,24 x 260 G PK
Tomato Paste,12 x 800 G PK
Tuna Chunks in Brine,6 x 800 G
Assam Tea Bags,4 x 20x2 G PK
Cranberry and Raspberry Tea Bags,20 PK
English Breakfast Decaffeinated Tea Bags,6 x 100 PK
English Breakfast Tea Bags,6 x 50 PK
Green Tea Bags,12 x 20 PK
Peppermint Tea Bags,12 x 20 PK
Vegan Coconut and Chocolate Tart,1 x 14 PTN PK
Vegetable Samosas,48 X 90G PK
Semi-Skimmed Milk Carton,27 x 200 ML CTN
Semi-Skimmed Milk Carton,27 x 200 ML CTN
FIVE LEAF MIX washed read to eat,4 x 250 G PK
ROCKET LEAF SALAD washed read to eat,5 x 250 G PK
Potatoes (Washed),1 x 25 KG
Weetabix Cereal Portion,1 x 96 EA PK
Bakewell Slice,90 x 50 G EA
Fruit Cake,90 x 43 G EA
Blood Orange flavoured Sorbet Ice Cream,2.4 LTR PK
500g Smoked Salmon,500 G